AbsPos1,AbsPos2,Protein1,Protein2,Decoy1,Decoy2,Score
972,965,CAS9HALO,CAS9HALO,FALSE,FALSE,109.53
1128,540,CAS9HALO,CAS9HALO,FALSE,FALSE,71.07
446,504,CAS9HALO,CAS9HALO,FALSE,FALSE,150.82
776,1259,CAS9HALO,CAS9HALO,FALSE,FALSE,83.29
1128,1122,CAS9HALO,CAS9HALO,FALSE,FALSE,77.93
776,1122,CAS9HALO,CAS9HALO,FALSE,FALSE,78.99
1100,1204,CAS9HALO,CAS9HALO,FALSE,FALSE,195.06
972,1259,CAS9HALO,CAS9HALO,FALSE,FALSE,142.27
681,1180,CAS9HALO,CAS9HALO,FALSE,FALSE,129.4
1122,340,CAS9HALO,CAS9HALO,FALSE,FALSE,183.32
669,714,CAS9HALO,CAS9HALO,FALSE,FALSE,128.65
446,952,CAS9HALO,CAS9HALO,FALSE,FALSE,158.12
881,279,CAS9HALO,Q15269,FALSE,FALSE,53.52
1180,1111,CAS9HALO,CAS9HALO,FALSE,FALSE,170.32
540,279,CAS9HALO,Q15269,FALSE,FALSE,77.91
1259,1063,CAS9HALO,CAS9HALO,FALSE,FALSE,110.87
1201,669,CAS9HALO,CAS9HALO,FALSE,FALSE,119.54
279,1122,Q15269,CAS9HALO,FALSE,FALSE,65.26
540,532,CAS9HALO,CAS9HALO,FALSE,FALSE,174.26
279,504,Q15269,CAS9HALO,FALSE,FALSE,77.91
37,753,CAS9HALO,CAS9HALO,FALSE,FALSE,113.07
37,540,CAS9HALO,CAS9HALO,FALSE,FALSE,112.27
352,340,CAS9HALO,CAS9HALO,FALSE,FALSE,113.26
669,115,CAS9HALO,CAS9HALO,FALSE,FALSE,104.64
776,1100,CAS9HALO,CAS9HALO,FALSE,FALSE,117.56
1282,669,CAS9HALO,CAS9HALO,FALSE,FALSE,87.76
946,504,CAS9HALO,CAS9HALO,FALSE,FALSE,142.63
1117,1122,CAS9HALO,CAS9HALO,FALSE,FALSE,76.05
1201,714,CAS9HALO,CAS9HALO,FALSE,FALSE,135.81
350,1122,CAS9HALO,CAS9HALO,FALSE,FALSE,85.91
115,340,CAS9HALO,CAS9HALO,FALSE,FALSE,163.84
793,237,CAS9HALO,CAS9HALO,FALSE,FALSE,191.03
1282,1122,CAS9HALO,CAS9HALO,FALSE,FALSE,109.6
776,1248,CAS9HALO,CAS9HALO,FALSE,FALSE,98.81
641,653,CAS9HALO,CAS9HALO,FALSE,FALSE,123.86
776,237,CAS9HALO,CAS9HALO,FALSE,FALSE,124.86
746,1101,CAS9HALO,CAS9HALO,FALSE,FALSE,132.72
1201,279,CAS9HALO,Q15269,FALSE,FALSE,71.07
1201,746,CAS9HALO,CAS9HALO,FALSE,FALSE,161.77
386,37,CAS9HALO,CAS9HALO,FALSE,FALSE,80.38
669,1122,CAS9HALO,CAS9HALO,FALSE,FALSE,115.35
677;133,669,CAS9HALO;Q13151,CAS9HALO,FALSE;FALSE,FALSE,82.63
1235,1089,CAS9HALO,CAS9HALO,FALSE,FALSE,191.91
