AbsPos1,AbsPos2,Protein1,Protein2,Decoy1,Decoy2
574,566,CAS9HALO,CAS9HALO,FALSE,FALSE
801,352,CAS9HALO,CAS9HALO,FALSE,FALSE
922,1018,CAS9HALO,CAS9HALO,FALSE,FALSE
677;133,540,CAS9HALO;Q13151,CAS9HALO,FALSE;FALSE,FALSE
746,504,CAS9HALO,CAS9HALO,FALSE,FALSE
504,1300,CAS9HALO,CAS9HALO,FALSE,FALSE
776,1250,CAS9HALO,CAS9HALO,FALSE,FALSE
116,1122,CAS9HALO,CAS9HALO,FALSE,FALSE
1100,1204,CAS9HALO,CAS9HALO,FALSE,FALSE
1122,1293,CAS9HALO,CAS9HALO,FALSE,FALSE
1196;796,352,CAS9HALO;Q8NDZ2,CAS9HALO,FALSE;FALSE,FALSE
870,881,CAS9HALO,CAS9HALO,FALSE,FALSE
776,279,CAS9HALO,Q15269,FALSE,FALSE
1122,267,CAS9HALO,CAS9HALO,FALSE,FALSE
540,318,CAS9HALO,CAS9HALO,FALSE,FALSE
801,318,CAS9HALO,CAS9HALO,FALSE,FALSE
881,318,CAS9HALO,CAS9HALO,FALSE,FALSE
801,37,CAS9HALO,CAS9HALO,FALSE,FALSE
801,870,CAS9HALO,CAS9HALO,FALSE,FALSE
801,779;295,CAS9HALO,CAS9HALO;Q9H972,FALSE,FALSE;FALSE
1117,1128,CAS9HALO,CAS9HALO,FALSE,FALSE
1122,1300,CAS9HALO,CAS9HALO,FALSE,FALSE
446,510,CAS9HALO,CAS9HALO,FALSE,FALSE
279,532,Q15269,CAS9HALO,FALSE,FALSE
386,669,CAS9HALO,CAS9HALO,FALSE,FALSE
870,279,CAS9HALO,Q15269,FALSE,FALSE
446,946,CAS9HALO,CAS9HALO,FALSE,FALSE
677;133,1196;796,CAS9HALO;Q13151,CAS9HALO;Q8NDZ2,FALSE;FALSE,FALSE;FALSE
946,504,CAS9HALO,CAS9HALO,FALSE,FALSE
504,753,CAS9HALO,CAS9HALO,FALSE,FALSE
1018,952,CAS9HALO,CAS9HALO,FALSE,FALSE
669,1180,CAS9HALO,CAS9HALO,FALSE,FALSE
776,1128,CAS9HALO,CAS9HALO,FALSE,FALSE
37,446,CAS9HALO,CAS9HALO,FALSE,FALSE
1128,352,CAS9HALO,CAS9HALO,FALSE,FALSE
1196;796,540,CAS9HALO;Q8NDZ2,CAS9HALO,FALSE;FALSE,FALSE
1122,1180,CAS9HALO,CAS9HALO,FALSE,FALSE
677;133,1180,CAS9HALO;Q13151,CAS9HALO,FALSE;FALSE,FALSE
115,340,CAS9HALO,CAS9HALO,FALSE,FALSE
793,237,CAS9HALO,CAS9HALO,FALSE,FALSE
1329,1128,CAS9HALO,CAS9HALO,FALSE,FALSE
1133,669,CAS9HALO,CAS9HALO,FALSE,FALSE
641,653,CAS9HALO,CAS9HALO,FALSE,FALSE
1128,1134,CAS9HALO,CAS9HALO,FALSE,FALSE
1196;796,488,CAS9HALO;Q8NDZ2,CAS9HALO,FALSE;FALSE,FALSE
677;133,549,CAS9HALO;Q13151,CAS9HALO,FALSE;FALSE,FALSE
1204,1122,CAS9HALO,CAS9HALO,FALSE,FALSE
1235,1122,CAS9HALO,CAS9HALO,FALSE,FALSE
1201,1180,CAS9HALO,CAS9HALO,FALSE,FALSE
1133,352,CAS9HALO,CAS9HALO,FALSE,FALSE
1063,1250,CAS9HALO,CAS9HALO,FALSE,FALSE
779;295,350,CAS9HALO;Q9H972,CAS9HALO,FALSE;FALSE,FALSE
814,1250,CAS9HALO,CAS9HALO,FALSE,FALSE
504,350,CAS9HALO,CAS9HALO,FALSE,FALSE
1127,352,CAS9HALO,CAS9HALO,FALSE,FALSE
360,386,CAS9HALO,CAS9HALO,FALSE,FALSE
1196;796,1180,CAS9HALO;Q8NDZ2,CAS9HALO,FALSE;FALSE,FALSE
801,350,CAS9HALO,CAS9HALO,FALSE,FALSE
776,852,CAS9HALO,CAS9HALO,FALSE,FALSE
1117,540,CAS9HALO,CAS9HALO,FALSE,FALSE
1127,669,CAS9HALO,CAS9HALO,FALSE,FALSE
510,488,CAS9HALO,CAS9HALO,FALSE,FALSE
1007,1024,CAS9HALO,CAS9HALO,FALSE,FALSE
540,1122,CAS9HALO,CAS9HALO,FALSE,FALSE
653,352,CAS9HALO,CAS9HALO,FALSE,FALSE
870,318,CAS9HALO,CAS9HALO,FALSE,FALSE
378,1122,CAS9HALO,CAS9HALO,FALSE,FALSE
37,488,CAS9HALO,CAS9HALO,FALSE,FALSE
669,540,CAS9HALO,CAS9HALO,FALSE,FALSE
714,1180,CAS9HALO,CAS9HALO,FALSE,FALSE
776,1122,CAS9HALO,CAS9HALO,FALSE,FALSE
677;133,1111,CAS9HALO;Q13151,CAS9HALO,FALSE;FALSE,FALSE
801,776,CAS9HALO,CAS9HALO,FALSE,FALSE
446,488,CAS9HALO,CAS9HALO,FALSE,FALSE
1111,1122,CAS9HALO,CAS9HALO,FALSE,FALSE
779;295,972,CAS9HALO;Q9H972,CAS9HALO,FALSE;FALSE,FALSE
1329,1293,CAS9HALO,CAS9HALO,FALSE,FALSE
759,946,CAS9HALO,CAS9HALO,FALSE,FALSE
681,1180,CAS9HALO,CAS9HALO,FALSE,FALSE
135,540,CAS9HALO,CAS9HALO,FALSE,FALSE
446,952,CAS9HALO,CAS9HALO,FALSE,FALSE
378,386,CAS9HALO,CAS9HALO,FALSE,FALSE
1117,779;295,CAS9HALO,CAS9HALO;Q9H972,FALSE,FALSE;FALSE
1117,352,CAS9HALO,CAS9HALO,FALSE,FALSE
1128,1180,CAS9HALO,CAS9HALO,FALSE,FALSE
1111,1204,CAS9HALO,CAS9HALO,FALSE,FALSE
814,972,CAS9HALO,CAS9HALO,FALSE,FALSE
801,1117,CAS9HALO,CAS9HALO,FALSE,FALSE
1063,352,CAS9HALO,CAS9HALO,FALSE,FALSE
881,352,CAS9HALO,CAS9HALO,FALSE,FALSE
318,352,CAS9HALO,CAS9HALO,FALSE,FALSE
115,352,CAS9HALO,CAS9HALO,FALSE,FALSE
779;295,1250,CAS9HALO;Q9H972,CAS9HALO,FALSE;FALSE,FALSE
1282,279,CAS9HALO,Q15269,FALSE,FALSE
1117,1127,CAS9HALO,CAS9HALO,FALSE,FALSE
922,776,CAS9HALO,CAS9HALO,FALSE,FALSE
669,115,CAS9HALO,CAS9HALO,FALSE,FALSE
776,972,CAS9HALO,CAS9HALO,FALSE,FALSE
1035,352,CAS9HALO,CAS9HALO,FALSE,FALSE
776,1100,CAS9HALO,CAS9HALO,FALSE,FALSE
779;295,1248,CAS9HALO;Q9H972,CAS9HALO,FALSE;FALSE,FALSE
870,352,CAS9HALO,CAS9HALO,FALSE,FALSE
669,350,CAS9HALO,CAS9HALO,FALSE,FALSE
1201,1101,CAS9HALO,CAS9HALO,FALSE,FALSE
677;133,870,CAS9HALO;Q13151,CAS9HALO,FALSE;FALSE,FALSE
37,669,CAS9HALO,CAS9HALO,FALSE,FALSE
327,1235,CAS9HALO,CAS9HALO,FALSE,FALSE
779;295,894,CAS9HALO;Q9H972,CAS9HALO,FALSE;FALSE,FALSE
801,881,CAS9HALO,CAS9HALO,FALSE,FALSE
1122,318,CAS9HALO,CAS9HALO,FALSE,FALSE
1133,776,CAS9HALO,CAS9HALO,FALSE,FALSE
776,1248,CAS9HALO,CAS9HALO,FALSE,FALSE
1122,532,CAS9HALO,CAS9HALO,FALSE,FALSE
237,894,CAS9HALO,CAS9HALO,FALSE,FALSE
152,167,CAS9HALO,CAS9HALO,FALSE,FALSE
116,340,CAS9HALO,CAS9HALO,FALSE,FALSE
669,946,CAS9HALO,CAS9HALO,FALSE,FALSE
37,532,CAS9HALO,CAS9HALO,FALSE,FALSE
1235,540,CAS9HALO,CAS9HALO,FALSE,FALSE
779;295,1300,CAS9HALO;Q9H972,CAS9HALO,FALSE;FALSE,FALSE
881,884,CAS9HALO,CAS9HALO,FALSE,FALSE
540,352,CAS9HALO,CAS9HALO,FALSE,FALSE
472,753,CAS9HALO,CAS9HALO,FALSE,FALSE
946,753,CAS9HALO,CAS9HALO,FALSE,FALSE
677;133,714,CAS9HALO;Q13151,CAS9HALO,FALSE;FALSE,FALSE
746,1101,CAS9HALO,CAS9HALO,FALSE,FALSE
859,1259,CAS9HALO,CAS9HALO,FALSE,FALSE
870,870,CAS9HALO,CAS9HALO,FALSE,FALSE
978,776,CAS9HALO,CAS9HALO,FALSE,FALSE
972,1248,CAS9HALO,CAS9HALO,FALSE,FALSE
677;133,1127,CAS9HALO;Q13151,CAS9HALO,FALSE;FALSE,FALSE
510,1180,CAS9HALO,CAS9HALO,FALSE,FALSE
1117,1100,CAS9HALO,CAS9HALO,FALSE,FALSE
530,504,CAS9HALO,CAS9HALO,FALSE,FALSE
677;133,669,CAS9HALO;Q13151,CAS9HALO,FALSE;FALSE,FALSE
669,1134,CAS9HALO,CAS9HALO,FALSE,FALSE
135,145,CAS9HALO,CAS9HALO,FALSE,FALSE
884,352,CAS9HALO,CAS9HALO,FALSE,FALSE
1122,653,CAS9HALO,CAS9HALO,FALSE,FALSE
793,352,CAS9HALO,CAS9HALO,FALSE,FALSE
488,753,CAS9HALO,CAS9HALO,FALSE,FALSE
446,438,CAS9HALO,CAS9HALO,FALSE,FALSE
1117,116,CAS9HALO,CAS9HALO,FALSE,FALSE
677;133,37,CAS9HALO;Q13151,CAS9HALO,FALSE;FALSE,FALSE
238,267,CAS9HALO,CAS9HALO,FALSE,FALSE
779;295,352,CAS9HALO;Q9H972,CAS9HALO,FALSE;FALSE,FALSE
1300,352,CAS9HALO,CAS9HALO,FALSE,FALSE
1128,540,CAS9HALO,CAS9HALO,FALSE,FALSE
677;133,1117,CAS9HALO;Q13151,CAS9HALO,FALSE;FALSE,FALSE
446,504,CAS9HALO,CAS9HALO,FALSE,FALSE
1128,1122,CAS9HALO,CAS9HALO,FALSE,FALSE
677;133,1122,CAS9HALO;Q13151,CAS9HALO,FALSE;FALSE,FALSE
1196;796,504,CAS9HALO;Q8NDZ2,CAS9HALO,FALSE;FALSE,FALSE
677;133,1133,CAS9HALO;Q13151,CAS9HALO,FALSE;FALSE,FALSE
1329,1250,CAS9HALO,CAS9HALO,FALSE,FALSE
446,1122,CAS9HALO,CAS9HALO,FALSE,FALSE
378,350,CAS9HALO,CAS9HALO,FALSE,FALSE
746,669,CAS9HALO,CAS9HALO,FALSE,FALSE
779;295,279,CAS9HALO;Q9H972,Q15269,FALSE;FALSE,FALSE
1133,1117,CAS9HALO,CAS9HALO,FALSE,FALSE
669,1300,CAS9HALO,CAS9HALO,FALSE,FALSE
1122,340,CAS9HALO,CAS9HALO,FALSE,FALSE
714,669,CAS9HALO,CAS9HALO,FALSE,FALSE
958,952,CAS9HALO,CAS9HALO,FALSE,FALSE
352,352,CAS9HALO,CAS9HALO,FALSE,FALSE
1196;796,472,CAS9HALO;Q8NDZ2,CAS9HALO,FALSE;FALSE,FALSE
472,352,CAS9HALO,CAS9HALO,FALSE,FALSE
922,963,CAS9HALO,CAS9HALO,FALSE,FALSE
386,350,CAS9HALO,CAS9HALO,FALSE,FALSE
859,779;295,CAS9HALO,CAS9HALO;Q9H972,FALSE,FALSE;FALSE
446,352,CAS9HALO,CAS9HALO,FALSE,FALSE
1122,1122,CAS9HALO,CAS9HALO,FALSE,FALSE
540,532,CAS9HALO,CAS9HALO,FALSE,FALSE
677;133,1300,CAS9HALO;Q13151,CAS9HALO,FALSE;FALSE,FALSE
569,352,CAS9HALO,CAS9HALO,FALSE,FALSE
1127,1180,CAS9HALO,CAS9HALO,FALSE,FALSE
1117,669,CAS9HALO,CAS9HALO,FALSE,FALSE
779;295,237,CAS9HALO;Q9H972,CAS9HALO,FALSE;FALSE,FALSE
135,352,CAS9HALO,CAS9HALO,FALSE,FALSE
814,776,CAS9HALO,CAS9HALO,FALSE,FALSE
37,540,CAS9HALO,CAS9HALO,FALSE,FALSE
776,1111,CAS9HALO,CAS9HALO,FALSE,FALSE
1007,1035,CAS9HALO,CAS9HALO,FALSE,FALSE
1282,669,CAS9HALO,CAS9HALO,FALSE,FALSE
1117,1122,CAS9HALO,CAS9HALO,FALSE,FALSE
922,922,CAS9HALO,CAS9HALO,FALSE,FALSE
870,1122,CAS9HALO,CAS9HALO,FALSE,FALSE
776,1300,CAS9HALO,CAS9HALO,FALSE,FALSE
1235,279,CAS9HALO,Q15269,FALSE,FALSE
1201,714,CAS9HALO,CAS9HALO,FALSE,FALSE
738,446,CAS9HALO,CAS9HALO,FALSE,FALSE
1122,350,CAS9HALO,CAS9HALO,FALSE,FALSE
1133,1111,CAS9HALO,CAS9HALO,FALSE,FALSE
779;295,1259,CAS9HALO;Q9H972,CAS9HALO,FALSE;FALSE,FALSE
922,933,CAS9HALO,CAS9HALO,FALSE,FALSE
472,1180,CAS9HALO,CAS9HALO,FALSE,FALSE
1235,1250,CAS9HALO,CAS9HALO,FALSE,FALSE
327,340,CAS9HALO,CAS9HALO,FALSE,FALSE
1133,1100,CAS9HALO,CAS9HALO,FALSE,FALSE
870,1063,CAS9HALO,CAS9HALO,FALSE,FALSE
1117,1101,CAS9HALO,CAS9HALO,FALSE,FALSE
779;295,540,CAS9HALO;Q9H972,CAS9HALO,FALSE;FALSE,FALSE
1305,1204,Q5T890,CAS9HALO,FALSE,FALSE
801,1122,CAS9HALO,CAS9HALO,FALSE,FALSE
776,237,CAS9HALO,CAS9HALO,FALSE,FALSE
677;133,1128,CAS9HALO;Q13151,CAS9HALO,FALSE;FALSE,FALSE
870,779;295,CAS9HALO,CAS9HALO;Q9H972,FALSE,FALSE;FALSE
669,352,CAS9HALO,CAS9HALO,FALSE,FALSE
279,753,Q15269,CAS9HALO,FALSE,FALSE
386,37,CAS9HALO,CAS9HALO,FALSE,FALSE
1201,746,CAS9HALO,CAS9HALO,FALSE,FALSE
1250,963,CAS9HALO,CAS9HALO,FALSE,FALSE
669,1122,CAS9HALO,CAS9HALO,FALSE,FALSE
922,906,CAS9HALO,CAS9HALO,FALSE,FALSE
504,1122,CAS9HALO,CAS9HALO,FALSE,FALSE
669,488,CAS9HALO,CAS9HALO,FALSE,FALSE
1117,135,CAS9HALO,CAS9HALO,FALSE,FALSE
1201,488,CAS9HALO,CAS9HALO,FALSE,FALSE
37,472,CAS9HALO,CAS9HALO,FALSE,FALSE
776,540,CAS9HALO,CAS9HALO,FALSE,FALSE
378,267,CAS9HALO,CAS9HALO,FALSE,FALSE
677;133,350,CAS9HALO;Q13151,CAS9HALO,FALSE;FALSE,FALSE
1329,779;295,CAS9HALO,CAS9HALO;Q9H972,FALSE,FALSE;FALSE
540,504,CAS9HALO,CAS9HALO,FALSE,FALSE
1063,1035,CAS9HALO,CAS9HALO,FALSE,FALSE
972,1250,CAS9HALO,CAS9HALO,FALSE,FALSE
37,352,CAS9HALO,CAS9HALO,FALSE,FALSE
922,352,CAS9HALO,CAS9HALO,FALSE,FALSE
1133,1122,CAS9HALO,CAS9HALO,FALSE,FALSE
1201,504,CAS9HALO,CAS9HALO,FALSE,FALSE
504,352,CAS9HALO,CAS9HALO,FALSE,FALSE
1196;796,669,CAS9HALO;Q8NDZ2,CAS9HALO,FALSE;FALSE,FALSE
472,946,CAS9HALO,CAS9HALO,FALSE,FALSE
327,352,CAS9HALO,CAS9HALO,FALSE,FALSE
1201,472,CAS9HALO,CAS9HALO,FALSE,FALSE
1259,972,CAS9HALO,CAS9HALO,FALSE,FALSE
776,1134,CAS9HALO,CAS9HALO,FALSE,FALSE
1111,1180,CAS9HALO,CAS9HALO,FALSE,FALSE
350,352,CAS9HALO,CAS9HALO,FALSE,FALSE
776,1204,CAS9HALO,CAS9HALO,FALSE,FALSE
1201,669,CAS9HALO,CAS9HALO,FALSE,FALSE
1018,1035,CAS9HALO,CAS9HALO,FALSE,FALSE
677;133,1201,CAS9HALO;Q13151,CAS9HALO,FALSE;FALSE,FALSE
1259,1063,CAS9HALO,CAS9HALO,FALSE,FALSE
360,350,CAS9HALO,CAS9HALO,FALSE,FALSE
779;295,1128,CAS9HALO;Q9H972,CAS9HALO,FALSE;FALSE,FALSE
504,514,CAS9HALO,CAS9HALO,FALSE,FALSE
1128,1111,CAS9HALO,CAS9HALO,FALSE,FALSE
669,753,CAS9HALO,CAS9HALO,FALSE,FALSE
972,963,CAS9HALO,CAS9HALO,FALSE,FALSE
801,340,CAS9HALO,CAS9HALO,FALSE,FALSE
1128,1204,CAS9HALO,CAS9HALO,FALSE,FALSE
37,753,CAS9HALO,CAS9HALO,FALSE,FALSE
446,472,CAS9HALO,CAS9HALO,FALSE,FALSE
669,1111,CAS9HALO,CAS9HALO,FALSE,FALSE
352,340,CAS9HALO,CAS9HALO,FALSE,FALSE
96,504,CAS9HALO,CAS9HALO,FALSE,FALSE
779;295,965,CAS9HALO;Q9H972,CAS9HALO,FALSE;FALSE,FALSE
279,514,Q15269,CAS9HALO,FALSE,FALSE
135,152,CAS9HALO,CAS9HALO,FALSE,FALSE
1250,1122,CAS9HALO,CAS9HALO,FALSE,FALSE
135,1122,CAS9HALO,CAS9HALO,FALSE,FALSE
1101,753,CAS9HALO,CAS9HALO,FALSE,FALSE
1122,1100,CAS9HALO,CAS9HALO,FALSE,FALSE
1127,1122,CAS9HALO,CAS9HALO,FALSE,FALSE
1282,1122,CAS9HALO,CAS9HALO,FALSE,FALSE
776,965,CAS9HALO,CAS9HALO,FALSE,FALSE
759,472,CAS9HALO,CAS9HALO,FALSE,FALSE
116,352,CAS9HALO,CAS9HALO,FALSE,FALSE
776,963,CAS9HALO,CAS9HALO,FALSE,FALSE
776,1117,CAS9HALO,CAS9HALO,FALSE,FALSE
37,34,CAS9HALO,CAS9HALO,FALSE,FALSE
1111,1100,CAS9HALO,CAS9HALO,FALSE,FALSE
870,669,CAS9HALO,CAS9HALO,FALSE,FALSE
801,669,CAS9HALO,CAS9HALO,FALSE,FALSE
776,1329,CAS9HALO,CAS9HALO,FALSE,FALSE
759,753,CAS9HALO,CAS9HALO,FALSE,FALSE
1134,1180,CAS9HALO,CAS9HALO,FALSE,FALSE
1128,669,CAS9HALO,CAS9HALO,FALSE,FALSE
1134,1122,CAS9HALO,CAS9HALO,FALSE,FALSE
779;295,1122,CAS9HALO;Q9H972,CAS9HALO,FALSE;FALSE,FALSE
1329,1122,CAS9HALO,CAS9HALO,FALSE,FALSE
1192,1122,CAS9HALO,CAS9HALO,FALSE,FALSE
510,753,CAS9HALO,CAS9HALO,FALSE,FALSE
1259,852,CAS9HALO,CAS9HALO,FALSE,FALSE
504,1180,CAS9HALO,CAS9HALO,FALSE,FALSE
870,1035,CAS9HALO,CAS9HALO,FALSE,FALSE
779;295,963,CAS9HALO;Q9H972,CAS9HALO,FALSE;FALSE,FALSE
776,1259,CAS9HALO,CAS9HALO,FALSE,FALSE
1235,1089,CAS9HALO,CAS9HALO,FALSE,FALSE
859,776,CAS9HALO,CAS9HALO,FALSE,FALSE
1196,504,CAS9HALO,CAS9HALO,FALSE,FALSE
669,504,CAS9HALO,CAS9HALO,FALSE,FALSE
