Residue pair,Link-Type,Alpha peptide,Beta peptide,Alpha peptide position,Beta peptide position,Alpha protein(s) position(s),Beta protein(s) position(s),Alpha protein mapping(s),Beta protein mapping(s),Alpha gene mapping(s),Beta gene mapping(s),IsDecoy,CSM count,Score
CAS9HALO_1111+CAS9HALO_1180,Intralink,KTEVQTGGFS [K] ESILPK,SSFE [K] NPIDFLEAK,11,5,1111,1180,CAS9HALO,CAS9HALO,CAS9HALO,CAS9HALO,FALSE,2,16.819518356582872
CAS9HALO_488+CAS9HALO_1180,Intralink,KSEETITPWNFEEVVD [K] GASAQSFIER,SSFE [K] NPIDFLEAK,17,5,488,1180,CAS9HALO,CAS9HALO,CAS9HALO,CAS9HALO,FALSE,2,16.472430888325597
CAS9HALO_237+CAS9HALO_793,Intralink,RIEEGI [K] ELGSQILK,LENLIAQLPGE [K] K,7,12,793,237,CAS9HALO,CAS9HALO,CAS9HALO,CAS9HALO,FALSE,2,14.521562787575887
CAS9HALO_952+CAS9HALO_1018,Intralink,LESEFVYGDY [K] VYDVR,MNTKYDEND [K] LIR,11,10,1018,952,CAS9HALO,CAS9HALO,CAS9HALO,CAS9HALO,FALSE,2,14.18129388435043
CAS9HALO_504+CAS9HALO_530,Intralink,HSLLYEYFTVYNELT [K] VK,MTNFD [K] NLPNEK,16,6,530,504,CAS9HALO,CAS9HALO,CAS9HALO,CAS9HALO,FALSE,1,14.062453896120644
CAS9HALO_1089+CAS9HALO_1235,Intralink,GNELALPS [K] YVNFLYLASHYEK, [K] VLSMPQVNIVKK,9,1,1235,1089,CAS9HALO,CAS9HALO,CAS9HALO,CAS9HALO,FALSE,3,13.469633421244643
CAS9HALO_1100+CAS9HALO_1204,Intralink,LP [K] YSLFELENGR,KVLSMPQVNIV [K] K,3,12,1204,1100,CAS9HALO,CAS9HALO,CAS9HALO,CAS9HALO,FALSE,2,13.200956935206278
CAS9HALO_115+CAS9HALO_340,Intralink,YDEHHQDLTLL [K] ALVR,LEESFLVEED [K] KHER,12,11,340,115,CAS9HALO,CAS9HALO,CAS9HALO,CAS9HALO,FALSE,2,13.103750812778209
CAS9HALO_1134+CAS9HALO_1180,Intralink, [K] YGGFDSPTVAYSVLVVAK,SSFE [K] NPIDFLEAK,1,5,1134,1180,CAS9HALO,CAS9HALO,CAS9HALO,CAS9HALO,FALSE,1,13.084861613764035
CAS9HALO_793+CAS9HALO_1235,Intralink,GNELALPS [K] YVNFLYLASHYEK,IEEGI [K] ELGSQILK,9,6,1235,793,CAS9HALO,CAS9HALO,CAS9HALO,CAS9HALO,FALSE,1,11.995244857102737
CAS9HALO_1100+CAS9HALO_1111,Intralink,TEVQTGGFS [K] ESILPK,KVLSMPQVNIV [K] K,10,12,1111,1100,CAS9HALO,CAS9HALO,CAS9HALO,CAS9HALO,FALSE,1,11.990271446559923
CAS9HALO_1007+CAS9HALO_1035,Intralink,KYP [K] LESEFVYGDYK,SEQEIG [K] ATAK,4,7,1007,1035,CAS9HALO,CAS9HALO,CAS9HALO,CAS9HALO,FALSE,1,11.674473284114192
CAS9HALO_504+CAS9HALO_1180,Intralink,SSFE [K] NPIDFLEAK,MTNFD [K] NLPNEK,5,6,1180,504,CAS9HALO,CAS9HALO,CAS9HALO,CAS9HALO,FALSE,1,11.570147122601977
CAS9HALO_776+CAS9HALO_1248,Intralink,YVNFLYLASHYE [K] LK,ENQTTQ [K] GQK,13,7,1248,776,CAS9HALO,CAS9HALO,CAS9HALO,CAS9HALO,FALSE,1,11.527485693801655
CAS9HALO_446+CAS9HALO_952,Intralink,MNTKYDEND [K] LIR,IE [K] ILTFR,10,3,952,446,CAS9HALO,CAS9HALO,CAS9HALO,CAS9HALO,FALSE,4,10.750486191790598
CAS9HALO_327+CAS9HALO_1235,Intralink,GNELALPS [K] YVNFLYLASHYEK,APLSASMI [K] R,9,9,1235,327,CAS9HALO,CAS9HALO,CAS9HALO,CAS9HALO,FALSE,1,10.713026022852754
CAS9HALO_714+CAS9HALO_1180,Intralink,EDIQ [K] AQVSGQGDSLHEHIANLAGSPAIK,SSFE [K] NPIDFLEAK,5,5,714,1180,CAS9HALO,CAS9HALO,CAS9HALO,CAS9HALO,FALSE,1,10.307813165821354
CAS9HALO_870+CAS9HALO_1063,Intralink, [K] RPLIETNGETGEIVWDK,G [K] SDNVPSEEVVK,1,2,1063,870,CAS9HALO,CAS9HALO,CAS9HALO,CAS9HALO,FALSE,1,10.292518851844541
CAS9HALO_488+CAS9HALO_753,Intralink,SEETITPWNFEEVVD [K] GASAQSFIER,VVDELV [K] VMGR,16,7,488,753,CAS9HALO,CAS9HALO,CAS9HALO,CAS9HALO,FALSE,1,10.268502493220339
CAS9HALO_681+CAS9HALO_1180,Intralink,SSFE [K] NPIDFLEAK,DKQSG [K] TILDFLK,5,6,1180,681,CAS9HALO,CAS9HALO,CAS9HALO,CAS9HALO,FALSE,2,10.233883925386216
CAS9HALO_1111+CAS9HALO_1122,Intralink,KTEVQTGGFS [K] ESILPK,NSD [K] LIAR,11,4,1111,1122,CAS9HALO,CAS9HALO,CAS9HALO,CAS9HALO,FALSE,2,10.066382154355843
CAS9HALO_1035+CAS9HALO_1063,Intralink, [K] RPLIETNGETGEIVWDKGR,SEQEIG [K] ATAK,1,7,1063,1035,CAS9HALO,CAS9HALO,CAS9HALO,CAS9HALO,FALSE,2,9.976298576677575
CAS9HALO_746+CAS9HALO_1101,Intralink,GILQTV [K] VVDELVK, [K] TEVQTGGFSK,7,1,746,1101,CAS9HALO,CAS9HALO,CAS9HALO,CAS9HALO,FALSE,1,9.96675242202174
CAS9HALO_340+CAS9HALO_352,Intralink,RYDEHHQDLTLL [K] ALVR,QQLPEKY [K] EIFFDQSK,13,8,340,352,CAS9HALO,CAS9HALO,CAS9HALO,CAS9HALO,FALSE,8,9.801195464156544
CAS9HALO_237+CAS9HALO_776,Intralink,RLENLIAQLPGE [K] K,ENQTTQ [K] GQK,13,7,237,776,CAS9HALO,CAS9HALO,CAS9HALO,CAS9HALO,FALSE,1,9.758851731643945
CAS9HALO_446+CAS9HALO_504,Intralink,MTNFD [K] NLPNEK,EKIE [K] ILTFR,6,5,504,446,CAS9HALO,CAS9HALO,CAS9HALO,CAS9HALO,FALSE,2,9.414112704807753
CAS9HALO_801+CAS9HALO_870,Intralink,ELGSQIL [K] EHPVENTQLQNEK,G [K] SDNVPSEEVVK,8,2,801,870,CAS9HALO,CAS9HALO,CAS9HALO,CAS9HALO,FALSE,1,9.119388774282482
CAS9HALO_135+CAS9HALO_540,Intralink,HPIFGNIVDEVAYHE [K] YPTIYHLR, [K] PAFLSGEQK,16,1,135,540,CAS9HALO,CAS9HALO,CAS9HALO,CAS9HALO,FALSE,1,8.923990849443653
CAS9HALO_318+CAS9HALO_870,Intralink,VNTEIT [K] APLSASMIK,G [K] SDNVPSEEVVKK,7,2,318,870,CAS9HALO,CAS9HALO,CAS9HALO,CAS9HALO,FALSE,1,8.922402235970821
CAS9HALO_753+CAS9HALO_1101,Intralink,VVDELV [K] VMGR, [K] TEVQTGGFSK,7,1,753,1101,CAS9HALO,CAS9HALO,CAS9HALO,CAS9HALO,FALSE,1,8.752118365488863
CAS9HALO_318+CAS9HALO_540,Intralink,VNTEIT [K] APLSASMIK, [K] PAFLSGEQK,7,1,318,540,CAS9HALO,CAS9HALO,CAS9HALO,CAS9HALO,FALSE,1,8.736133252261126
CAS9HALO_318+CAS9HALO_1035,Intralink,VNTEIT [K] APLSASMIK,SEQEIG [K] ATAK,7,7,318,1035,CAS9HALO,CAS9HALO,CAS9HALO,CAS9HALO,FALSE,1,8.410194537596036
CAS9HALO_1122+CAS9HALO_1180,Intralink,SSFE [K] NPIDFLEAK,NSD [K] LIAR,5,4,1180,1122,CAS9HALO,CAS9HALO,CAS9HALO,CAS9HALO,FALSE,2,7.975306078659203
CAS9HALO_1111+CAS9HALO_1204,Intralink,KTEVQTGGFS [K] ESILPK,LP [K] YSLFELENGR,11,3,1111,1204,CAS9HALO,CAS9HALO,CAS9HALO,CAS9HALO,FALSE,1,7.9052048239416175
CAS9HALO_446+CAS9HALO_946,Intralink,EKIE [K] ILTFR,MNT [K] YDENDK,5,4,446,946,CAS9HALO,CAS9HALO,CAS9HALO,CAS9HALO,FALSE,2,7.8724667532062815
CAS9HALO_318+CAS9HALO_352,Intralink,VNTEIT [K] APLSASMIK,Y [K] EIFFDQSK,7,2,318,352,CAS9HALO,CAS9HALO,CAS9HALO,CAS9HALO,FALSE,1,7.625376091635163
CAS9HALO_504+CAS9HALO_946,Intralink,MTNFD [K] NLPNEK,MNT [K] YDENDK,6,4,504,946,CAS9HALO,CAS9HALO,CAS9HALO,CAS9HALO,FALSE,1,7.618242099337494
CAS9HALO_318+CAS9HALO_1122,Intralink,VNTEIT [K] APLSASMIK,NSD [K] LIAR,7,4,318,1122,CAS9HALO,CAS9HALO,CAS9HALO,CAS9HALO,FALSE,1,7.358031933583768
CAS9HALO_532+CAS9HALO_540,Intralink, [K] PAFLSGEQKK,V [K] YVTEGMR,1,2,540,532,CAS9HALO,CAS9HALO,CAS9HALO,CAS9HALO,FALSE,4,7.357112582656636
CAS9HALO_378+CAS9HALO_1122,Intralink,NGYAGYIDGGASQEEFY [K] FIKPILEK,RNSD [K] LIAR,18,5,378,1122,CAS9HALO,CAS9HALO,CAS9HALO,CAS9HALO,FALSE,2,7.333012348705718
CAS9HALO_352+CAS9HALO_504,Intralink,MTNFD [K] NLPNEK,Y [K] EIFFDQSK,6,2,504,352,CAS9HALO,CAS9HALO,CAS9HALO,CAS9HALO,FALSE,1,7.214801931510471
CAS9HALO_352+CAS9HALO_446,Intralink,Y [K] EIFFDQSK,EKIE [K] ILTFR,2,5,352,446,CAS9HALO,CAS9HALO,CAS9HALO,CAS9HALO,FALSE,1,7.084065720258977
CAS9HALO_1063+CAS9HALO_1259,Intralink, [K] RPLIETNGETGEIVWDK,GSPEDNEQ [K] QLFVEQHK,1,9,1063,1259,CAS9HALO,CAS9HALO,CAS9HALO,CAS9HALO,FALSE,1,7.030212155040908
CAS9HALO_340+CAS9HALO_1089,Intralink,YDEHHQDLTLL [K] ALVR, [K] VLSMPQVNIVK,12,1,340,1089,CAS9HALO,CAS9HALO,CAS9HALO,CAS9HALO,FALSE,1,6.970174623183593
CAS9HALO_352+CAS9HALO_793,Intralink,IEEGI [K] ELGSQILK,Y [K] EIFFDQSK,6,2,793,352,CAS9HALO,CAS9HALO,CAS9HALO,CAS9HALO,FALSE,1,6.9405508479522435
CAS9HALO_267+CAS9HALO_1122,Intralink,SNFDLAEDA [K] LQLSK,NSD [K] LIAR,10,4,267,1122,CAS9HALO,CAS9HALO,CAS9HALO,CAS9HALO,FALSE,1,6.8989361758965195
CAS9HALO_352+CAS9HALO_870,Intralink,G [K] SDNVPSEEVVKK,Y [K] EIFFDQSK,2,2,870,352,CAS9HALO,CAS9HALO,CAS9HALO,CAS9HALO,FALSE,1,6.75907255811405
CAS9HALO_714+CAS9HALO_1201,Intralink,EDIQ [K] AQVSGQGDSLHEHIANLAGSPAIK,KDLII [K] LPK,5,6,714,1201,CAS9HALO,CAS9HALO,CAS9HALO,CAS9HALO,FALSE,1,6.66839862048836
CAS9HALO_327+CAS9HALO_352,Intralink,Y [K] EIFFDQSK,APLSASMI [K] R,2,9,352,327,CAS9HALO,CAS9HALO,CAS9HALO,CAS9HALO,FALSE,1,6.610328321866631
CAS9HALO_350+CAS9HALO_360,Intralink,EIFFDQS [K] NGYAGYIDGGASQEEFYK,QQLPE [K] YK,8,6,360,350,CAS9HALO,CAS9HALO,CAS9HALO,CAS9HALO,FALSE,1,6.457868184417757
CAS9HALO_870+CAS9HALO_1035,Intralink,G [K] SDNVPSEEVVKK,SEQEIG [K] ATAK,2,7,870,1035,CAS9HALO,CAS9HALO,CAS9HALO,CAS9HALO,FALSE,2,6.328003528561006
CAS9HALO_446+CAS9HALO_488,Intralink,SEETITPWNFEEVVD [K] GASAQSFIER,IE [K] ILTFR,16,3,488,446,CAS9HALO,CAS9HALO,CAS9HALO,CAS9HALO,FALSE,1,6.317855515287882
CAS9HALO_540+CAS9HALO_776,Intralink,ENQTTQ [K] GQK, [K] PAFLSGEQK,7,1,776,540,CAS9HALO,CAS9HALO,CAS9HALO,CAS9HALO,FALSE,1,6.268619089426097
CAS9HALO_504+CAS9HALO_1122,Intralink,MTNFD [K] NLPNEK,NSD [K] LIAR,6,4,504,1122,CAS9HALO,CAS9HALO,CAS9HALO,CAS9HALO,FALSE,1,6.247139628263048
CAS9HALO_135+CAS9HALO_1122,Intralink,HPIFGNIVDEVAYHE [K] YPTIYHLR,NSD [K] LIAR,16,4,135,1122,CAS9HALO,CAS9HALO,CAS9HALO,CAS9HALO,FALSE,1,6.227512962975909
CAS9HALO_352+CAS9HALO_881,Intralink,GKSDNVPSEEVV [K] K,Y [K] EIFFDQSK,13,2,881,352,CAS9HALO,CAS9HALO,CAS9HALO,CAS9HALO,FALSE,1,6.019110757944266
CAS9HALO_759+CAS9HALO_946,Intralink,H [K] PENIVIEMAR,MNT [K] YDENDK,2,4,759,946,CAS9HALO,CAS9HALO,CAS9HALO,CAS9HALO,FALSE,1,5.695084333983054
CAS9HALO_446+CAS9HALO_472,Intralink, [K] SEETITPWNFEEVVDK,IE [K] ILTFR,1,3,472,446,CAS9HALO,CAS9HALO,CAS9HALO,CAS9HALO,FALSE,1,5.566664765692405
CAS9HALO_116+CAS9HALO_340,Intralink,RYDEHHQDLTLL [K] ALVR,LEESFLVEEDK [K] HER,13,12,340,116,CAS9HALO,CAS9HALO,CAS9HALO,CAS9HALO,FALSE,1,5.464356731070988
CAS9HALO_145+CAS9HALO_327,Intralink, [K] LVDSTDKADLR,APLSASMI [K] R,1,9,145,327,CAS9HALO,CAS9HALO,CAS9HALO,CAS9HALO,FALSE,1,5.40261858748165
CAS9HALO_776+CAS9HALO_1100,Intralink,VLSMPQVNIV [K] K,ENQTTQ [K] GQK,11,7,1100,776,CAS9HALO,CAS9HALO,CAS9HALO,CAS9HALO,FALSE,1,5.402410409902129
CAS9HALO_37+CAS9HALO_386,Intralink,FIKPILE [K] MDGTEELLVK,F [K] VLGNTDR,8,2,386,37,CAS9HALO,CAS9HALO,CAS9HALO,CAS9HALO,FALSE,1,5.338502637058837
CAS9HALO_1180+CAS9HALO_1201,Intralink,SSFE [K] NPIDFLEAK,KDLII [K] LPK,5,6,1180,1201,CAS9HALO,CAS9HALO,CAS9HALO,CAS9HALO,FALSE,2,5.3343451635616255
CAS9HALO_340+CAS9HALO_1122,Intralink,YDEHHQDLTLL [K] ALVR,NSD [K] LIAR,12,4,340,1122,CAS9HALO,CAS9HALO,CAS9HALO,CAS9HALO,FALSE,1,5.140473858590288
CAS9HALO_776+CAS9HALO_1134,Intralink, [K] YGGFDSPTVAYSVLVVAK,ENQTTQ [K] GQK,1,7,1134,776,CAS9HALO,CAS9HALO,CAS9HALO,CAS9HALO,FALSE,1,5.138390643960454
CAS9HALO_776+CAS9HALO_1250,Intralink,L [K] GSPEDNEQK,ENQTTQ [K] GQK,2,7,1250,776,CAS9HALO,CAS9HALO,CAS9HALO,CAS9HALO,FALSE,2,4.818858640290988
CAS9HALO_352+CAS9HALO_1035,Intralink,Y [K] EIFFDQSK,SEQEIG [K] ATAK,2,7,352,1035,CAS9HALO,CAS9HALO,CAS9HALO,CAS9HALO,FALSE,1,4.8072895100055035
CAS9HALO_327+CAS9HALO_504,Intralink,MTNFD [K] NLPNEK,APLSASMI [K] R,6,9,504,327,CAS9HALO,CAS9HALO,CAS9HALO,CAS9HALO,FALSE,1,4.7620073877775235
CAS9HALO_472+CAS9HALO_946,Intralink, [K] SEETITPWNFEEVVDK,MNT [K] YDENDK,1,4,472,946,CAS9HALO,CAS9HALO,CAS9HALO,CAS9HALO,FALSE,1,4.745271857062908
CAS9HALO_972+CAS9HALO_1259,Intralink,LKGSPEDNEQ [K] QLFVEQHK, [K] DFQFYK,11,1,1259,972,CAS9HALO,CAS9HALO,CAS9HALO,CAS9HALO,FALSE,1,4.699103378110554
CAS9HALO_352+CAS9HALO_801,Intralink,ELGSQIL [K] EHPVENTQLQNEK,Y [K] EIFFDQSK,8,2,801,352,CAS9HALO,CAS9HALO,CAS9HALO,CAS9HALO,FALSE,1,4.572474266300186
CAS9HALO_870+CAS9HALO_1122,Intralink,G [K] SDNVPSEEVVK,NSD [K] LIAR,2,4,870,1122,CAS9HALO,CAS9HALO,CAS9HALO,CAS9HALO,FALSE,1,4.328126850707262
CAS9HALO_972+CAS9HALO_1250,Intralink,L [K] GSPEDNEQK, [K] DFQFYK,2,1,1250,972,CAS9HALO,CAS9HALO,CAS9HALO,CAS9HALO,FALSE,2,4.2817839352180505
CAS9HALO_37+CAS9HALO_753,Intralink,GILQTVKVVDELV [K] VMGR,F [K] VLGNTDR,14,2,753,37,CAS9HALO,CAS9HALO,CAS9HALO,CAS9HALO,FALSE,2,4.281416061305582
CAS9HALO_352+CAS9HALO_1293,Intralink,VILADANLD [K] VLSAYNK,Y [K] EIFFDQSK,10,2,1293,352,CAS9HALO,CAS9HALO,CAS9HALO,CAS9HALO,FALSE,1,4.169912591187128
CAS9HALO_352+CAS9HALO_776,Intralink,Y [K] EIFFDQSK,ENQTTQ [K] GQK,2,7,352,776,CAS9HALO,CAS9HALO,CAS9HALO,CAS9HALO,FALSE,1,4.152947083947093
CAS9HALO_37+CAS9HALO_352,Intralink,Y [K] EIFFDQSK,F [K] VLGNTDR,2,2,352,37,CAS9HALO,CAS9HALO,CAS9HALO,CAS9HALO,FALSE,1,4.150918279770785
CAS9HALO_115+CAS9HALO_352,Intralink,LEESFLVEED [K] KHER,Y [K] EIFFDQSK,11,2,115,352,CAS9HALO,CAS9HALO,CAS9HALO,CAS9HALO,FALSE,1,4.125719778057151
CAS9HALO_318+CAS9HALO_318,Homomeric-inter,VNTEIT [K] APLSASMIK,VNTEIT [K] APLSASMIK,7,7,318,318,CAS9HALO,CAS9HALO,CAS9HALO,CAS9HALO,FALSE,1,4.105680967239539
CAS9HALO_540+CAS9HALO_1122,Intralink, [K] PAFLSGEQKK,NSD [K] LIAR,1,4,540,1122,CAS9HALO,CAS9HALO,CAS9HALO,CAS9HALO,FALSE,1,4.102185812437038
CAS9HALO_540+CAS9HALO_1128,Intralink, [K] PAFLSGEQK,K [K] DWDPKK,1,2,540,1128,CAS9HALO,CAS9HALO,CAS9HALO,CAS9HALO,FALSE,1,3.992052097725789
CAS9HALO_776+CAS9HALO_965,Intralink,ENQTTQ [K] GQK,S [K] LVSDFRK,7,2,776,965,CAS9HALO,CAS9HALO,CAS9HALO,CAS9HALO,FALSE,2,3.9690912264712344
CAS9HALO_352+CAS9HALO_472,Intralink, [K] SEETITPWNFEEVVDK,Y [K] EIFFDQSK,1,2,472,352,CAS9HALO,CAS9HALO,CAS9HALO,CAS9HALO,FALSE,1,3.956115063567803
CAS9HALO_714+CAS9HALO_1111,Intralink,EDIQ [K] AQVSGQGDSLHEHIANLAGSPAIKK,TEVQTGGFS [K] ESILPK,5,10,714,1111,CAS9HALO,CAS9HALO,CAS9HALO,CAS9HALO,FALSE,1,3.875066101332494
CAS9HALO_776+CAS9HALO_1204,Intralink,LP [K] YSLFELENGR,ENQTTQ [K] GQK,3,7,1204,776,CAS9HALO,CAS9HALO,CAS9HALO,CAS9HALO,FALSE,1,3.841850886204018
CAS9HALO_135+CAS9HALO_237,Intralink,HPIFGNIVDEVAYHE [K] YPTIYHLR,LENLIAQLPGE [K] K,16,12,135,237,CAS9HALO,CAS9HALO,CAS9HALO,CAS9HALO,FALSE,1,3.7454054682334155
CAS9HALO_1100+CAS9HALO_1122,Intralink,VLSMPQVNIV [K] K,NSD [K] LIAR,11,4,1100,1122,CAS9HALO,CAS9HALO,CAS9HALO,CAS9HALO,FALSE,1,3.7421938329867155
CAS9HALO_446+CAS9HALO_510,Intralink,NLPNE [K] VLPK,IE [K] ILTFR,6,3,510,446,CAS9HALO,CAS9HALO,CAS9HALO,CAS9HALO,FALSE,1,3.7410942951804587
CAS9HALO_746+CAS9HALO_1201,Intralink,GILQTV [K] VVDELVK,DLII [K] LPK,7,5,746,1201,CAS9HALO,CAS9HALO,CAS9HALO,CAS9HALO,FALSE,1,3.4798045610502673
CAS9HALO_1101+CAS9HALO_1201,Intralink, [K] TEVQTGGFSK,KDLII [K] LPK,1,6,1101,1201,CAS9HALO,CAS9HALO,CAS9HALO,CAS9HALO,FALSE,1,3.4617361590535216
CAS9HALO_669+CAS9HALO_1201,Intralink,KDLII [K] LPK, [K] LINGIR,6,1,1201,669,CAS9HALO,CAS9HALO,CAS9HALO,CAS9HALO,FALSE,2,3.230359996586833
CAS9HALO_116+CAS9HALO_1122,Intralink,LEESFLVEEDK [K] HER,NSD [K] LIAR,12,4,116,1122,CAS9HALO,CAS9HALO,CAS9HALO,CAS9HALO,FALSE,1,3.092315839911719
CAS9HALO_1122+CAS9HALO_1282,Intralink,HYLDEIIEQISEFS [K] R,NSD [K] LIAR,15,4,1282,1122,CAS9HALO,CAS9HALO,CAS9HALO,CAS9HALO,FALSE,1,3.0893622634385185
CAS9HALO_446+CAS9HALO_1122,Intralink,IE [K] ILTFR,NSD [K] LIAR,3,4,446,1122,CAS9HALO,CAS9HALO,CAS9HALO,CAS9HALO,FALSE,1,3.0833875331087084
CAS9HALO_776+CAS9HALO_972,Intralink,ENQTTQ [K] GQK, [K] DFQFYK,7,1,776,972,CAS9HALO,CAS9HALO,CAS9HALO,CAS9HALO,FALSE,1,3.069246041934719
CAS9HALO_776+CAS9HALO_1259,Intralink,GSPEDNEQ [K] QLFVEQHK,ENQTTQ [K] GQK,9,7,1259,776,CAS9HALO,CAS9HALO,CAS9HALO,CAS9HALO,FALSE,1,2.9689153873125274
CAS9HALO_972+CAS9HALO_1248,Intralink,YVNFLYLASHYE [K] LK, [K] DFQFYK,13,1,1248,972,CAS9HALO,CAS9HALO,CAS9HALO,CAS9HALO,FALSE,1,2.9132578620918466
CAS9HALO_340+CAS9HALO_801,Intralink,ELGSQIL [K] EHPVENTQLQNEK,YDEHHQDLTLL [K] ALVR,8,12,801,340,CAS9HALO,CAS9HALO,CAS9HALO,CAS9HALO,FALSE,1,2.900701496969948
CAS9HALO_1100+Q5T890_1305,Heteromeric-inter,KVLSMPQVNIV [K] K,ESLI [K] PR,12,5,1100,1305,CAS9HALO,Q5T890,CAS9HALO,ERCC6L2,FALSE,2,2.8076020679063722
CAS9HALO_669+CAS9HALO_1180,Intralink,SSFE [K] NPIDFLEAK, [K] LINGIR,5,1,1180,669,CAS9HALO,CAS9HALO,CAS9HALO,CAS9HALO,FALSE,2,2.689462481090328
CAS9HALO_540+CAS9HALO_870,Intralink,G [K] SDNVPSEEVVKK, [K] PAFLSGEQKK,2,1,870,540,CAS9HALO,CAS9HALO,CAS9HALO,CAS9HALO,FALSE,1,2.687758821854239
CAS9HALO_669+CAS9HALO_1122,Intralink,NSD [K] LIAR, [K] LINGIR,4,1,1122,669,CAS9HALO,CAS9HALO,CAS9HALO,CAS9HALO,FALSE,1,2.658660704693304
CAS9HALO_669+CAS9HALO_714,Intralink,EDIQ [K] AQVSGQGDSLHEHIANLAGSPAIK, [K] LINGIR,5,1,714,669,CAS9HALO,CAS9HALO,CAS9HALO,CAS9HALO,FALSE,2,2.5214076043953058
CAS9HALO_540+CAS9HALO_1035,Intralink, [K] PAFLSGEQKK,SEQEIG [K] ATAK,1,7,540,1035,CAS9HALO,CAS9HALO,CAS9HALO,CAS9HALO,FALSE,1,2.505736434341876
CAS9HALO_504+CAS9HALO_1300,Intralink,MTNFD [K] NLPNEK,VLSAYN [K] HR,6,7,504,1300,CAS9HALO,CAS9HALO,CAS9HALO,CAS9HALO,FALSE,1,2.430070266423336
CAS9HALO_963+CAS9HALO_972,Intralink, [K] DFQFYK,VITL [K] SK,1,5,972,963,CAS9HALO,CAS9HALO,CAS9HALO,CAS9HALO,FALSE,1,2.422375883239048
CAS9HALO_669+CAS9HALO_1035,Intralink,SEQEIG [K] ATAK, [K] LINGIR,7,1,1035,669,CAS9HALO,CAS9HALO,CAS9HALO,CAS9HALO,FALSE,1,2.3801055846662695
CAS9HALO_1122+CAS9HALO_1196;Q8NDZ2_796,Intralink,NSD [K] LIAR, [K] DLIIK,4,1,1122,1196;796,CAS9HALO,CAS9HALO; Q8NDZ2,CAS9HALO,CAS9HALO; SIMC1,FALSE,1,2.373970682147206
CAS9HALO_801+Q5T890_1305,Heteromeric-inter,ELGSQIL [K] EHPVENTQLQNEK,ESLI [K] PR,8,5,801,1305,CAS9HALO,Q5T890,CAS9HALO,ERCC6L2,FALSE,1,2.335150619091299
CAS9HALO_669+CAS9HALO_1111,Intralink,KTEVQTGGFS [K] ESILPK, [K] LINGIR,11,1,1111,669,CAS9HALO,CAS9HALO,CAS9HALO,CAS9HALO,FALSE,3,2.2380106012504064
CAS9HALO_1127+CAS9HALO_1134,Intralink, [K] YGGFDSPTVAYSVLVVAK, [K] KDWDPK,1,1,1134,1127,CAS9HALO,CAS9HALO,CAS9HALO,CAS9HALO,FALSE,2,2.2045544330096947
CAS9HALO_352+CAS9HALO_1300,Intralink,Y [K] EIFFDQSK,VLSAYN [K] HR,2,7,352,1300,CAS9HALO,CAS9HALO,CAS9HALO,CAS9HALO,FALSE,1,2.1969253268145943
CAS9HALO_1180+Q5T890_1305,Heteromeric-inter,SSFE [K] NPIDFLEAK,ESLI [K] PR,5,5,1180,1305,CAS9HALO,Q5T890,CAS9HALO,ERCC6L2,FALSE,1,2.152497622571613
CAS9HALO_352+CAS9HALO_1196;Q8NDZ2_796,Intralink,Y [K] EIFFDQSK, [K] DLIIK,2,1,352,1196;796,CAS9HALO,CAS9HALO; Q8NDZ2,CAS9HALO,CAS9HALO; SIMC1,FALSE,1,2.1306053675990873
CAS9HALO_350+CAS9HALO_801,Intralink,ELGSQIL [K] EHPVENTQLQNEK,QQLPE [K] YK,8,6,801,350,CAS9HALO,CAS9HALO,CAS9HALO,CAS9HALO,FALSE,1,2.0677829211516356
CAS9HALO_352+CAS9HALO_1128,Intralink,Y [K] EIFFDQSK,K [K] DWDPK,2,2,352,1128,CAS9HALO,CAS9HALO,CAS9HALO,CAS9HALO,FALSE,1,2.0339895451431422
CAS9HALO_1063+CAS9HALO_1063,Homomeric-inter, [K] RPLIETNGETGEIVWDK, [K] RPLIETNGETGEIVWDK,1,1,1063,1063,CAS9HALO,CAS9HALO,CAS9HALO,CAS9HALO,FALSE,1,1.9985360708278619
CAS9HALO_37+CAS9HALO_669,Intralink,F [K] VLGNTDR, [K] LINGIR,2,1,37,669,CAS9HALO,CAS9HALO,CAS9HALO,CAS9HALO,FALSE,1,1.9834752377061684
CAS9HALO_540+CAS9HALO_1133,Intralink, [K] PAFLSGEQK,KKDWDP [K] K,1,7,540,1133,CAS9HALO,CAS9HALO,CAS9HALO,CAS9HALO,FALSE,1,1.968342403354301
CAS9HALO_776+CAS9HALO_978,Intralink,ENQTTQ [K] GQK,DFQFY [K] VR,7,6,776,978,CAS9HALO,CAS9HALO,CAS9HALO,CAS9HALO,FALSE,1,1.9540872973342525
CAS9HALO_1111+CAS9HALO_1133,Intralink,KTEVQTGGFS [K] ESILPK,KKDWDP [K] K,11,7,1111,1133,CAS9HALO,CAS9HALO,CAS9HALO,CAS9HALO,FALSE,2,1.9448425651437682
CAS9HALO_540+Q5T890_1305,Heteromeric-inter, [K] PAFLSGEQKK,ESLI [K] PR,1,5,540,1305,CAS9HALO,Q5T890,CAS9HALO,ERCC6L2,FALSE,2,1.872251316905672
CAS9HALO_669+CAS9HALO_1282,Intralink,HYLDEIIEQISEFS [K] R, [K] LINGIR,15,1,1282,669,CAS9HALO,CAS9HALO,CAS9HALO,CAS9HALO,FALSE,1,1.8715760184265797
CAS9HALO_776+CAS9HALO_963,Intralink,ENQTTQ [K] GQK,VITL [K] SK,7,5,776,963,CAS9HALO,CAS9HALO,CAS9HALO,CAS9HALO,FALSE,1,1.8393249661212931
CAS9HALO_669+Q9Y2F5_136,Heteromeric-inter,KKLEA [K] VK, [K] LINGIR,6,1,136,669,Q9Y2F5,CAS9HALO,ICE1,CAS9HALO,FALSE,1,1.769536493348335
CAS9HALO_267+Q5T890_1305,Heteromeric-inter,SNFDLAEDA [K] LQLSK,ESLI [K] PR,10,5,267,1305,CAS9HALO,Q5T890,CAS9HALO,ERCC6L2,FALSE,1,1.6943837013011391
CAS9HALO_540+CAS9HALO_1300,Intralink, [K] PAFLSGEQKK,VLSAYN [K] HR,1,7,540,1300,CAS9HALO,CAS9HALO,CAS9HALO,CAS9HALO,FALSE,1,1.6749555361418758
CAS9HALO_965+CAS9HALO_972,Intralink, [K] DFQFYK,S [K] LVSDFR,1,2,972,965,CAS9HALO,CAS9HALO,CAS9HALO,CAS9HALO,FALSE,1,1.5986736756292812
CAS9HALO_677+CAS9HALO_1180,Intralink,SSFE [K] NPIDFLEAK,D [K] QSGK,5,2,1180,677,CAS9HALO,CAS9HALO,CAS9HALO,CAS9HALO,FALSE,2,1.564866919865378
CAS9HALO_650+CAS9HALO_669,Intralink,TYAHLFDD [K] VMK, [K] LINGIR,9,1,650,669,CAS9HALO,CAS9HALO,CAS9HALO,CAS9HALO,FALSE,1,1.5192154967193783
CAS9HALO_350+CAS9HALO_386,Intralink,FIKPILE [K] MDGTEELLVK,QQLPE [K] YK,8,6,386,350,CAS9HALO,CAS9HALO,CAS9HALO,CAS9HALO,FALSE,2,1.4877690984716025
CAS9HALO_540+CAS9HALO_1196;Q8NDZ2_796,Intralink, [K] PAFLSGEQK, [K] DLIIK,1,1,540,1196;796,CAS9HALO,CAS9HALO; Q8NDZ2,CAS9HALO,CAS9HALO; SIMC1,FALSE,1,1.3981217576879053
CAS9HALO_352+CAS9HALO_1133,Intralink,Y [K] EIFFDQSK,KKDWDP [K] K,2,7,352,1133,CAS9HALO,CAS9HALO,CAS9HALO,CAS9HALO,FALSE,1,1.380748744845102
CAS9HALO_677+CAS9HALO_714,Intralink,EDIQ [K] AQVSGQGDSLHEHIANLAGSPAIKK,D [K] QSGK,5,2,714,677,CAS9HALO,CAS9HALO,CAS9HALO,CAS9HALO,FALSE,2,1.3628421515208569
CAS9HALO_1122+CAS9HALO_1204,Intralink,LP [K] YSLFELENGR,RNSD [K] LIAR,3,5,1204,1122,CAS9HALO,CAS9HALO,CAS9HALO,CAS9HALO,FALSE,1,1.3456068554765592
CAS9HALO_115+Q5T890_1305,Heteromeric-inter,LEESFLVEED [K] KHER,ESLI [K] PR,11,5,115,1305,CAS9HALO,Q5T890,CAS9HALO,ERCC6L2,FALSE,1,1.298552638594679
CAS9HALO_963+CAS9HALO_1250,Intralink,L [K] GSPEDNEQK,VITL [K] SK,2,5,1250,963,CAS9HALO,CAS9HALO,CAS9HALO,CAS9HALO,FALSE,1,1.2921342002949943
CAS9HALO_1122+CAS9HALO_1128,Intralink,RNSD [K] LIAR, [K] DWDPKK,5,1,1122,1128,CAS9HALO,CAS9HALO,CAS9HALO,CAS9HALO,FALSE,3,1.2898883507928331
CAS9HALO_1122+CAS9HALO_1192,Intralink,NSD [K] LIAR,GY [K] EVK,4,3,1122,1192,CAS9HALO,CAS9HALO,CAS9HALO,CAS9HALO,FALSE,1,1.2771574098081642
CAS9HALO_504+CAS9HALO_1196;Q8NDZ2_796,Intralink,MTNFD [K] NLPNEK, [K] DLIIK,6,1,504,1196;796,CAS9HALO,CAS9HALO; Q8NDZ2,CAS9HALO,CAS9HALO; SIMC1,FALSE,1,1.1837855952239857
CAS9HALO_1128+CAS9HALO_1134,Intralink, [K] YGGFDSPTVAYSVLVVAK, [K] DWDPK,1,1,1134,1128,CAS9HALO,CAS9HALO,CAS9HALO,CAS9HALO,FALSE,1,1.1609220465314443
CAS9HALO_669+CAS9HALO_677,Intralink, [K] LINGIR,D [K] QSGK,1,2,669,677,CAS9HALO,CAS9HALO,CAS9HALO,CAS9HALO,FALSE,1,1.0788158064006002
CAS9HALO_350+CAS9HALO_1122,Intralink,RNSD [K] LIAR,QQLPE [K] YK,5,6,1122,350,CAS9HALO,CAS9HALO,CAS9HALO,CAS9HALO,FALSE,1,1.0646775613315105
CAS9HALO_669+CAS9HALO_1101,Intralink, [K] TEVQTGGFSK, [K] LINGIR,1,1,1101,669,CAS9HALO,CAS9HALO,CAS9HALO,CAS9HALO,FALSE,1,1.0370563354213747
CAS9HALO_115+CAS9HALO_669,Intralink,LEESFLVEED [K] KHER, [K] LINGIR,11,1,115,669,CAS9HALO,CAS9HALO,CAS9HALO,CAS9HALO,FALSE,2,1.01050512351527
CAS9HALO_352+Q5T890_1305,Heteromeric-inter,Y [K] EIFFDQSK,ESLI [K] PR,2,5,352,1305,CAS9HALO,Q5T890,CAS9HALO,ERCC6L2,FALSE,1,0.944058227386123
CAS9HALO_669+CAS9HALO_870,Intralink,G [K] SDNVPSEEVVKK, [K] LINGIR,2,1,870,669,CAS9HALO,CAS9HALO,CAS9HALO,CAS9HALO,FALSE,2,0.9435350696762542
CAS9HALO_714+CAS9HALO_753,Intralink,EDIQ [K] AQVSGQGDSLHEHIANLAGSPAIK,VVDELV [K] VMGR,5,7,714,753,CAS9HALO,CAS9HALO,CAS9HALO,CAS9HALO,FALSE,1,0.9356743151875695
CAS9HALO_906+CAS9HALO_922,Intralink,KFDNLT [K] AER,AGFI [K] R,7,5,906,922,CAS9HALO,CAS9HALO,CAS9HALO,CAS9HALO,FALSE,1,0.8946058433922948
CAS9HALO_540+CAS9HALO_677,Intralink, [K] PAFLSGEQKK,D [K] QSGK,1,2,540,677,CAS9HALO,CAS9HALO,CAS9HALO,CAS9HALO,FALSE,2,0.879705572215165
CAS9HALO_669+CAS9HALO_746,Intralink,GILQTV [K] VVDELVK, [K] LINGIR,7,1,746,669,CAS9HALO,CAS9HALO,CAS9HALO,CAS9HALO,FALSE,1,0.8491774035003873
CAS9HALO_510+CAS9HALO_669,Intralink,NLPNE [K] VLPK, [K] LINGIR,6,1,510,669,CAS9HALO,CAS9HALO,CAS9HALO,CAS9HALO,FALSE,1,0.7622188448539653
CAS9HALO_881+CAS9HALO_884,Intralink,GKSDNVPSEEVV [K] K,M [K] NYWR,13,2,881,884,CAS9HALO,CAS9HALO,CAS9HALO,CAS9HALO,FALSE,2,0.7516432163346571
CAS9HALO_870+CAS9HALO_922,Intralink,G [K] SDNVPSEEVVKK,AGFI [K] R,2,5,870,922,CAS9HALO,CAS9HALO,CAS9HALO,CAS9HALO,FALSE,1,0.6989927286453169
CAS9HALO_350+CAS9HALO_870,Intralink,G [K] SDNVPSEEVVKK,QQLPE [K] YK,2,6,870,350,CAS9HALO,CAS9HALO,CAS9HALO,CAS9HALO,FALSE,1,0.692271332733597
CAS9HALO_352+CAS9HALO_922,Intralink,Y [K] EIFFDQSK,AGFI [K] R,2,5,352,922,CAS9HALO,CAS9HALO,CAS9HALO,CAS9HALO,FALSE,1,0.6850568981515239
CAS9HALO_1122+CAS9HALO_1300,Intralink,VLSAYN [K] HR,RNSD [K] LIAR,7,5,1300,1122,CAS9HALO,CAS9HALO,CAS9HALO,CAS9HALO,FALSE,2,0.670871678015074
CAS9HALO_776+CAS9HALO_1127,Intralink,ENQTTQ [K] GQK, [K] KDWDPK,7,1,776,1127,CAS9HALO,CAS9HALO,CAS9HALO,CAS9HALO,FALSE,1,0.6232887677944439
CAS9HALO_1180+CAS9HALO_1196;Q8NDZ2_796,Intralink,SSFE [K] NPIDFLEAK, [K] DLIIK,5,1,1180,1196;796,CAS9HALO,CAS9HALO; Q8NDZ2,CAS9HALO,CAS9HALO; SIMC1,FALSE,1,0.5984536803368364
CAS9HALO_677+CAS9HALO_1111,Intralink,KTEVQTGGFS [K] ESILPK,D [K] QSGK,11,2,1111,677,CAS9HALO,CAS9HALO,CAS9HALO,CAS9HALO,FALSE,2,0.5177714439144934
CAS9HALO_1122+CAS9HALO_1127,Intralink,RNSD [K] LIAR, [K] KDWDPKK,5,1,1122,1127,CAS9HALO,CAS9HALO,CAS9HALO,CAS9HALO,FALSE,2,0.504897167184209
CAS9HALO_352+CAS9HALO_669,Intralink,Y [K] EIFFDQSK, [K] LINGIR,2,1,352,669,CAS9HALO,CAS9HALO,CAS9HALO,CAS9HALO,FALSE,1,0.4834559176363073
CAS9HALO_352+CAS9HALO_653,Intralink,Y [K] EIFFDQSK,VM [K] QLK,2,3,352,653,CAS9HALO,CAS9HALO,CAS9HALO,CAS9HALO,FALSE,1,0.4244461988349988
CAS9HALO_352+CAS9HALO_884,Intralink,Y [K] EIFFDQSK,M [K] NYWR,2,2,352,884,CAS9HALO,CAS9HALO,CAS9HALO,CAS9HALO,FALSE,1,0.41728118175503526
CAS9HALO_779+CAS9HALO_1248,Intralink,YVNFLYLASHYE [K] LK,GQ [K] NSR,13,3,1248,779,CAS9HALO,CAS9HALO,CAS9HALO,CAS9HALO,FALSE,1,0.4010019783446238
CAS9HALO_350+CAS9HALO_352,Intralink,Y [K] EIFFDQSK,QQLPE [K] YK,2,6,352,350,CAS9HALO,CAS9HALO,CAS9HALO,CAS9HALO,FALSE,1,0.40040164248688287
CAS9HALO_922+CAS9HALO_1018,Intralink,LESEFVYGDY [K] VYDVR,AGFI [K] R,11,5,1018,922,CAS9HALO,CAS9HALO,CAS9HALO,CAS9HALO,FALSE,1,0.3965856415908864
CAS9HALO_922+CAS9HALO_963,Intralink,VITL [K] SK,AGFI [K] R,5,5,963,922,CAS9HALO,CAS9HALO,CAS9HALO,CAS9HALO,FALSE,1,0.39032852573503074
CAS9HALO_1133+CAS9HALO_1133,Homomeric-inter,KKDWDP [K] K,KDWDP [K] K,7,6,1133,1133,CAS9HALO,CAS9HALO,CAS9HALO,CAS9HALO,FALSE,1,0.2958455439402483
CAS9HALO_1100+CAS9HALO_1133,Intralink,VLSMPQVNIV [K] K,DWDP [K] K,11,5,1100,1133,CAS9HALO,CAS9HALO,CAS9HALO,CAS9HALO,FALSE,1,0.2586287371411654
CAS9HALO_237+CAS9HALO_779,Intralink,RLENLIAQLPGE [K] K,GQ [K] NSR,13,3,237,779,CAS9HALO,CAS9HALO,CAS9HALO,CAS9HALO,FALSE,1,0.20090214696749986
CAS9HALO_566+CAS9HALO_574,Intralink,KVTV [K] QLK,EDYF [K] K,5,5,566,574,CAS9HALO,CAS9HALO,CAS9HALO,CAS9HALO,FALSE,2,0.18623215814901473
CAS9HALO_1122+CAS9HALO_1133,Intralink,RNSD [K] LIAR,DWDP [K] K,5,5,1122,1133,CAS9HALO,CAS9HALO,CAS9HALO,CAS9HALO,FALSE,2,0.18011678401940376
CAS9HALO_677+CAS9HALO_1127,Intralink, [K] KDWDPKK,D [K] QSGK,1,2,1127,677,CAS9HALO,CAS9HALO,CAS9HALO,CAS9HALO,FALSE,2,0.1709158836948214
CAS9HALO_1157+CAS9HALO_1162;Reverse_Q9H0E3_8,Intralink,VEKG [K] SK,KL [K] SVK,5,3,1157,1162;8,CAS9HALO,CAS9HALO; Reverse_Q9H0E3,CAS9HALO,CAS9HALO; Reverse_SAP130,FALSE,1,0.16733810241544778
CAS9HALO_669+CAS9HALO_1128,Intralink, [K] DWDPKK, [K] LINGIR,1,1,1128,669,CAS9HALO,CAS9HALO,CAS9HALO,CAS9HALO,FALSE,1,0.15638343874252367
CAS9HALO_677+CAS9HALO_1122,Intralink,NSD [K] LIAR,D [K] QSGK,4,2,1122,677,CAS9HALO,CAS9HALO,CAS9HALO,CAS9HALO,FALSE,1,0.15571899891532143
CAS9HALO_779+CAS9HALO_963,Intralink,VITL [K] SK,GQ [K] NSR,5,3,963,779,CAS9HALO,CAS9HALO,CAS9HALO,CAS9HALO,FALSE,1,0.15484571767310662
CAS9HALO_641+CAS9HALO_653,Intralink,L [K] TYAHLFDDK,VM [K] QLKR,2,3,641,653,CAS9HALO,CAS9HALO,CAS9HALO,CAS9HALO,FALSE,1,0.14567084266739933
CAS9HALO_37+CAS9HALO_677,Intralink,F [K] VLGNTDR,D [K] QSGK,2,2,37,677,CAS9HALO,CAS9HALO,CAS9HALO,CAS9HALO,FALSE,1,0.1378458191978174
CAS9HALO_540+CAS9HALO_779,Intralink, [K] PAFLSGEQK,GQ [K] NSR,1,3,540,779,CAS9HALO,CAS9HALO,CAS9HALO,CAS9HALO,FALSE,1,0.137058235909209
CAS9HALO_318+CAS9HALO_779,Intralink,VNTEIT [K] APLSASMIK,GQ [K] NSR,7,3,318,779,CAS9HALO,CAS9HALO,CAS9HALO,CAS9HALO,FALSE,1,0.13491927639081117
CAS9HALO_779+CAS9HALO_965,Intralink,S [K] LVSDFRK,GQ [K] NSR,2,3,965,779,CAS9HALO,CAS9HALO,CAS9HALO,CAS9HALO,FALSE,1,0.13226793745443072
CAS9HALO_669+CAS9HALO_1133,Intralink, [K] LINGIR,DWDP [K] K,1,5,669,1133,CAS9HALO,CAS9HALO,CAS9HALO,CAS9HALO,FALSE,1,0.13098885168227764
CAS9HALO_779+CAS9HALO_1122,Intralink,NSD [K] LIAR,GQ [K] NSR,4,3,1122,779,CAS9HALO,CAS9HALO,CAS9HALO,CAS9HALO,FALSE,1,0.1235317461072321
CAS9HALO_677+CAS9HALO_1196;Q8NDZ2_796,Intralink, [K] DLIIK,D [K] QSGK,1,2,1196;796,677,CAS9HALO; Q8NDZ2,CAS9HALO,CAS9HALO; SIMC1,CAS9HALO,FALSE,1,0.12062724334237587
CAS9HALO_381+CAS9HALO_669,Intralink,FI [K] PILEK, [K] LINGIR,3,1,381,669,CAS9HALO,CAS9HALO,CAS9HALO,CAS9HALO,FALSE,1,0.11903902095126673
CAS9HALO_776+CAS9HALO_1122,Intralink,ENQTTQ [K] GQK,RNSD [K] LIAR,7,5,776,1122,CAS9HALO,CAS9HALO,CAS9HALO,CAS9HALO,FALSE,1,0.1170148324683603
CAS9HALO_779+CAS9HALO_801,Intralink,ELGSQIL [K] EHPVENTQLQNEK,GQ [K] NSR,8,3,801,779,CAS9HALO,CAS9HALO,CAS9HALO,CAS9HALO,FALSE,1,0.11384209573700484
CAS9HALO_1035+CAS9HALO_1122,Intralink,SEQEIG [K] ATAK,NSD [K] LIAR,7,4,1035,1122,CAS9HALO,CAS9HALO,CAS9HALO,CAS9HALO,FALSE,1,0.11109711386397307
CAS9HALO_352+CAS9HALO_1127,Intralink,Y [K] EIFFDQSK, [K] KDWDPK,2,1,352,1127,CAS9HALO,CAS9HALO,CAS9HALO,CAS9HALO,FALSE,1,0.11092696734069027
CAS9HALO_922+CAS9HALO_933,Intralink,QIT [K] HVAQILDSR,AGFI [K] R,4,5,933,922,CAS9HALO,CAS9HALO,CAS9HALO,CAS9HALO,FALSE,1,0.10146934918995291
CAS9HALO_801+CAS9HALO_1063,Intralink,ELGSQIL [K] EHPVENTQLQNEK, [K] RPLIETNGETGEIVWDK,8,1,801,1063,CAS9HALO,CAS9HALO,CAS9HALO,CAS9HALO,FALSE,1,0.0998041128500217
CAS9HALO_677+CAS9HALO_1201,Intralink,KDLII [K] LPK,D [K] QSGK,6,2,1201,677,CAS9HALO,CAS9HALO,CAS9HALO,CAS9HALO,FALSE,1,0.09922260407581161
CAS9HALO_677+CAS9HALO_1300,Intralink,VLSAYN [K] HR,D [K] QSGK,7,2,1300,677,CAS9HALO,CAS9HALO,CAS9HALO,CAS9HALO,FALSE,1,0.09755496959300272
CAS9HALO_779+CAS9HALO_894,Intralink,QLLNA [K] LITQR,GQ [K] NSR,6,3,894,779,CAS9HALO,CAS9HALO,CAS9HALO,CAS9HALO,FALSE,1,0.08867604889089238
CAS9HALO_340+CAS9HALO_540,Intralink,YDEHHQDLTLL [K] ALVR, [K] PAFLSGEQK,12,1,340,540,CAS9HALO,CAS9HALO,CAS9HALO,CAS9HALO,FALSE,1,0.08522878833083096
CAS9HALO_776+CAS9HALO_870,Intralink,G [K] SDNVPSEEVVKK,ENQTTQ [K] GQK,2,7,870,776,CAS9HALO,CAS9HALO,CAS9HALO,CAS9HALO,FALSE,1,0.0841177137546109
CAS9HALO_677+CAS9HALO_1196,Intralink, [K] DLIIKLPK,D [K] QSGK,1,2,1196,677,CAS9HALO,CAS9HALO,CAS9HALO,CAS9HALO,FALSE,1,0.08221849011639373
CAS9HALO_669+CAS9HALO_1127,Intralink, [K] KDWDPK, [K] LINGIR,1,1,1127,669,CAS9HALO,CAS9HALO,CAS9HALO,CAS9HALO,FALSE,1,0.07974647966656635
CAS9HALO_350+CAS9HALO_677,Intralink,QQLPE [K] YK,D [K] QSGK,6,2,350,677,CAS9HALO,CAS9HALO,CAS9HALO,CAS9HALO,FALSE,1,0.0796712237748063
CAS9HALO_472+CAS9HALO_759,Intralink, [K] SEETITPWNFEEVVDK,H [K] PENIVIEMAR,1,2,472,759,CAS9HALO,CAS9HALO,CAS9HALO,CAS9HALO,FALSE,1,0.07957684117062401
CAS9HALO_115+CAS9HALO_1122,Intralink,LEESFLVEED [K] KHER,NSD [K] LIAR,11,4,115,1122,CAS9HALO,CAS9HALO,CAS9HALO,CAS9HALO,FALSE,1,0.07904846042514102
CAS9HALO_1127+CAS9HALO_1204,Intralink,LP [K] YSLFELENGR, [K] KDWDPK,3,1,1204,1127,CAS9HALO,CAS9HALO,CAS9HALO,CAS9HALO,FALSE,1,0.07583897373041257
CAS9HALO_37+CAS9HALO_779,Intralink,F [K] VLGNTDR,GQ [K] NSR,2,3,37,779,CAS9HALO,CAS9HALO,CAS9HALO,CAS9HALO,FALSE,1,0.07536724338046977
CAS9HALO_352+CAS9HALO_569,Intralink,Y [K] EIFFDQSK,QL [K] EDYFK,2,3,352,569,CAS9HALO,CAS9HALO,CAS9HALO,CAS9HALO,FALSE,1,0.07183666659859006
CAS9HALO_386+CAS9HALO_1122,Intralink,FIKPILE [K] MDGTEELLVK,NSD [K] LIAR,8,4,386,1122,CAS9HALO,CAS9HALO,CAS9HALO,CAS9HALO,FALSE,1,0.07171106224808445
CAS9HALO_446+CAS9HALO_738,Intralink,AQVSGQGDSLHEHIANLAGSPAI [K] K,EKIE [K] ILTFR,24,5,738,446,CAS9HALO,CAS9HALO,CAS9HALO,CAS9HALO,FALSE,1,0.07158536264132498
CAS9HALO_677+CAS9HALO_1133,Intralink,KKDWDP [K] K,D [K] QSGK,7,2,1133,677,CAS9HALO,CAS9HALO,CAS9HALO,CAS9HALO,FALSE,1,0.06822510866844306
CAS9HALO_340+CAS9HALO_1128,Intralink,YDEHHQDLTLL [K] ALVR, [K] DWDPK,12,1,340,1128,CAS9HALO,CAS9HALO,CAS9HALO,CAS9HALO,FALSE,1,0.06341307511208619
CAS9HALO_801+CAS9HALO_1127,Intralink,ELGSQIL [K] EHPVENTQLQNEK, [K] KDWDPK,8,1,801,1127,CAS9HALO,CAS9HALO,CAS9HALO,CAS9HALO,FALSE,1,0.06047053743237978
CAS9HALO_504+CAS9HALO_1201,Intralink,MTNFD [K] NLPNEK,DLII [K] LPK,6,5,504,1201,CAS9HALO,CAS9HALO,CAS9HALO,CAS9HALO,FALSE,1,0.030532226511725904
CAS9HALO_779+CAS9HALO_1259,Intralink,LKGSPEDNEQ [K] QLFVEQHK,GQ [K] NSR,11,3,1259,779,CAS9HALO,CAS9HALO,CAS9HALO,CAS9HALO,FALSE,1,0.020369557536168165
